buySellRatio,sellVol,buyVol,timestamp
0.9761,7133.277,6962.476,2025-10-12 22:00:00+00:00
0.7074,4324.438,3059.246,2025-10-12 23:00:00+00:00
0.956,5852.918,5595.236,2025-10-13 00:00:00+00:00
0.9412,4169.937,3924.763,2025-10-13 01:00:00+00:00
0.8206,4297.663,3526.73,2025-10-13 02:00:00+00:00
0.7669,3853.728,2955.509,2025-10-13 03:00:00+00:00
1.0466,4315.083,4516.015,2025-10-13 04:00:00+00:00
1.1859,2025.74,2402.403,2025-10-13 05:00:00+00:00
1.3258,2952.3,3914.261,2025-10-13 06:00:00+00:00
1.0131,3565.937,3612.64,2025-10-13 07:00:00+00:00
0.9706,2431.925,2360.338,2025-10-13 08:00:00+00:00
0.846,2988.685,2528.534,2025-10-13 09:00:00+00:00
0.8642,2409.295,2082.131,2025-10-13 10:00:00+00:00
0.7779,8664.104,6740.064,2025-10-13 11:00:00+00:00
1.1395,3802.79,4333.356,2025-10-13 12:00:00+00:00
0.9645,9759.795,9413.288,2025-10-13 13:00:00+00:00
0.8086,8949.175,7235.887,2025-10-13 14:00:00+00:00
0.9938,4573.679,4545.379,2025-10-13 15:00:00+00:00
1.0902,5488.578,5983.844,2025-10-13 16:00:00+00:00
0.9435,4212.434,3974.271,2025-10-13 17:00:00+00:00
0.9868,5076.92,5010.154,2025-10-13 18:00:00+00:00
1.2129,4228.436,5128.699,2025-10-13 19:00:00+00:00
1.0689,2024.004,2163.518,2025-10-13 20:00:00+00:00
1.0021,1064.348,1066.626,2025-10-13 21:00:00+00:00
0.8357,1523.239,1273.034,2025-10-13 22:00:00+00:00
0.6513,3149.126,2050.95,2025-10-13 23:00:00+00:00
0.8809,3052.732,2689.09,2025-10-14 00:00:00+00:00
0.7958,3511.333,2794.381,2025-10-14 01:00:00+00:00
0.9878,4262.081,4210.063,2025-10-14 02:00:00+00:00
1.0125,5746.756,5818.337,2025-10-14 03:00:00+00:00
0.9095,7209.158,6556.478,2025-10-14 04:00:00+00:00
0.9181,11556.333,10610.174,2025-10-14 05:00:00+00:00
0.8966,9162.805,8215.452,2025-10-14 06:00:00+00:00
0.9872,6640.031,6554.896,2025-10-14 07:00:00+00:00
1.1383,4249.799,4837.482,2025-10-14 08:00:00+00:00
0.8328,5316.445,4427.692,2025-10-14 09:00:00+00:00
0.9742,7834.309,7632.061,2025-10-14 10:00:00+00:00
0.9423,5513.709,5195.779,2025-10-14 11:00:00+00:00
0.6815,3629.1,2473.382,2025-10-14 12:00:00+00:00
1.1848,8497.871,10068.177,2025-10-14 13:00:00+00:00
0.982,7531.286,7395.413,2025-10-14 14:00:00+00:00
1.1824,6119.362,7235.363,2025-10-14 15:00:00+00:00
0.741,9879.635,7320.88,2025-10-14 16:00:00+00:00
0.6806,8534.24,5808.565,2025-10-14 17:00:00+00:00
1.0373,4054.211,4205.575,2025-10-14 18:00:00+00:00
0.8343,6263.294,5225.76,2025-10-14 19:00:00+00:00
1.047,1707.777,1788.1,2025-10-14 20:00:00+00:00
1.0278,1066.179,1095.804,2025-10-14 21:00:00+00:00
1.1059,2032.703,2247.96,2025-10-14 22:00:00+00:00
0.7445,1540.05,1146.57,2025-10-14 23:00:00+00:00
0.9175,2617.609,2401.593,2025-10-15 00:00:00+00:00
0.9334,2373.839,2215.854,2025-10-15 01:00:00+00:00
1.1357,2457.254,2790.795,2025-10-15 02:00:00+00:00
0.7597,3184.358,2419.143,2025-10-15 03:00:00+00:00
1.2461,1635.483,2038.043,2025-10-15 04:00:00+00:00
1.0685,1524.679,1629.051,2025-10-15 05:00:00+00:00
1.0614,1756.998,1864.855,2025-10-15 06:00:00+00:00
1.0395,1246.443,1295.725,2025-10-15 07:00:00+00:00
1.0645,3709.287,3948.426,2025-10-15 08:00:00+00:00
0.918,2535.382,2327.477,2025-10-15 09:00:00+00:00
0.5758,3537.369,2036.684,2025-10-15 10:00:00+00:00
0.7402,4549.839,3367.923,2025-10-15 11:00:00+00:00
0.8179,3510.396,2870.996,2025-10-15 12:00:00+00:00
0.9177,5532.954,5077.778,2025-10-15 13:00:00+00:00
1.0785,5446.319,5873.694,2025-10-15 14:00:00+00:00
1.2227,5413.882,6619.729,2025-10-15 15:00:00+00:00
0.8635,2866.524,2475.218,2025-10-15 16:00:00+00:00
1.1234,3306.028,3713.927,2025-10-15 17:00:00+00:00
1.1304,1687.749,1907.904,2025-10-15 18:00:00+00:00
1.0823,1474.829,1596.201,2025-10-15 19:00:00+00:00
0.8189,2451.004,2007.045,2025-10-15 20:00:00+00:00
0.9023,2220.408,2003.401,2025-10-15 21:00:00+00:00
1.0028,1427.845,1431.808,2025-10-15 22:00:00+00:00
1.135,943.266,1070.639,2025-10-15 23:00:00+00:00
1.2764,1405.633,1794.203,2025-10-16 00:00:00+00:00
1.1809,1802.076,2127.987,2025-10-16 01:00:00+00:00
0.9808,1999.402,1961.025,2025-10-16 02:00:00+00:00
0.9531,2145.869,2045.3,2025-10-16 03:00:00+00:00
0.8767,2122.989,1861.243,2025-10-16 04:00:00+00:00
1.0802,1876.852,2027.411,2025-10-16 05:00:00+00:00
1.1012,2021.807,2226.37,2025-10-16 06:00:00+00:00
0.8099,4347.809,3521.438,2025-10-16 07:00:00+00:00
1.2935,1984.158,2566.596,2025-10-16 08:00:00+00:00
0.8931,10759.209,9608.715,2025-10-16 09:00:00+00:00
1.2836,2787.134,3577.647,2025-10-16 10:00:00+00:00
0.8906,2493.075,2220.281,2025-10-16 11:00:00+00:00
1.2431,3383.947,4206.686,2025-10-16 12:00:00+00:00
0.8038,4046.049,3252.15,2025-10-16 13:00:00+00:00
0.8196,9561.656,7836.918,2025-10-16 14:00:00+00:00
0.7315,13971.738,10219.936,2025-10-16 15:00:00+00:00
0.9564,12035.995,11511.538,2025-10-16 16:00:00+00:00
0.9349,5700.113,5329.083,2025-10-16 17:00:00+00:00
1.1178,4434.038,4956.339,2025-10-16 18:00:00+00:00
0.9265,3726.279,3452.46,2025-10-16 19:00:00+00:00
0.8779,3427.554,3009.057,2025-10-16 20:00:00+00:00
0.9504,1835.407,1744.284,2025-10-16 21:00:00+00:00
0.9148,1321.787,1209.206,2025-10-16 22:00:00+00:00
1.3184,1297.987,1711.262,2025-10-16 23:00:00+00:00
1.622,1634.921,2651.841,2025-10-17 00:00:00+00:00
0.9334,2271.275,2120.049,2025-10-17 01:00:00+00:00
1.1586,1715.011,1987.069,2025-10-17 02:00:00+00:00
0.9704,1368.025,1327.468,2025-10-17 03:00:00+00:00
0.8117,1746.402,1417.586,2025-10-17 04:00:00+00:00
0.7335,2205.278,1617.654,2025-10-17 05:00:00+00:00
0.7305,10709.118,7823.305,2025-10-17 06:00:00+00:00
0.7756,12141.273,9417.147,2025-10-17 07:00:00+00:00
0.9271,13489.254,12505.715,2025-10-17 08:00:00+00:00
1.0446,4904.969,5123.685,2025-10-17 09:00:00+00:00
1.0538,10055.774,10596.928,2025-10-17 10:00:00+00:00
1.2193,13219.919,16119.25,2025-10-17 11:00:00+00:00
1.1539,5027.2,5800.952,2025-10-17 12:00:00+00:00
0.8775,7796.964,6841.895,2025-10-17 13:00:00+00:00
0.8192,9461.46,7751.033,2025-10-17 14:00:00+00:00
1.1132,7234.16,8053.155,2025-10-17 15:00:00+00:00
0.9604,6871.692,6599.316,2025-10-17 16:00:00+00:00
1.1388,2103.958,2395.955,2025-10-17 17:00:00+00:00
1.1362,2155.484,2449.079,2025-10-17 18:00:00+00:00
0.8792,1742.058,1531.544,2025-10-17 19:00:00+00:00
1.0369,1547.54,1604.595,2025-10-17 20:00:00+00:00
1.0017,1825.982,1829.15,2025-10-17 21:00:00+00:00
0.6995,1584.784,1108.624,2025-10-17 22:00:00+00:00
0.5871,1372.937,806.037,2025-10-17 23:00:00+00:00
1.2483,1452.951,1813.708,2025-10-18 00:00:00+00:00
1.0488,1452.592,1523.433,2025-10-18 01:00:00+00:00
0.4685,4170.965,1954.02,2025-10-18 02:00:00+00:00
1.431,1389.411,1988.286,2025-10-18 03:00:00+00:00
0.3777,5007.661,1891.206,2025-10-18 04:00:00+00:00
0.5895,1669.026,983.841,2025-10-18 05:00:00+00:00
1.0677,1269.439,1355.425,2025-10-18 06:00:00+00:00
0.9891,3755.401,3714.538,2025-10-18 07:00:00+00:00
1.1994,2064.804,2476.59,2025-10-18 08:00:00+00:00
1.0144,870.072,882.577,2025-10-18 09:00:00+00:00
1.1312,967.325,1094.22,2025-10-18 10:00:00+00:00
1.4993,844.253,1265.82,2025-10-18 11:00:00+00:00
0.8947,1285.368,1149.986,2025-10-18 12:00:00+00:00
0.9041,1218.887,1102.001,2025-10-18 13:00:00+00:00
0.9805,1301.861,1276.464,2025-10-18 14:00:00+00:00
1.1645,961.211,1119.34,2025-10-18 15:00:00+00:00
0.7905,2303.846,1821.24,2025-10-18 16:00:00+00:00
1.1676,798.798,932.687,2025-10-18 17:00:00+00:00
0.8229,416.98,343.144,2025-10-18 18:00:00+00:00
1.3259,548.126,726.772,2025-10-18 19:00:00+00:00
1.107,1317.357,1458.285,2025-10-18 20:00:00+00:00
1.2826,553.233,709.583,2025-10-18 21:00:00+00:00
0.8611,491.598,423.326,2025-10-18 22:00:00+00:00
1.1189,399.403,446.873,2025-10-18 23:00:00+00:00
0.7464,2123.157,1584.667,2025-10-19 00:00:00+00:00
0.8636,672.712,580.982,2025-10-19 01:00:00+00:00
0.7133,672.325,479.552,2025-10-19 02:00:00+00:00
1.2214,1630.385,1991.388,2025-10-19 03:00:00+00:00
1.0105,854.349,863.315,2025-10-19 04:00:00+00:00
1.0839,1010.376,1095.147,2025-10-19 05:00:00+00:00
0.9268,1490.521,1381.489,2025-10-19 06:00:00+00:00
0.9359,757.001,708.481,2025-10-19 07:00:00+00:00
0.8512,4718.934,4016.648,2025-10-19 08:00:00+00:00
1.3994,9634.125,13481.992,2025-10-19 09:00:00+00:00
1.0276,3248.266,3337.926,2025-10-19 10:00:00+00:00
0.6,4688.253,2812.885,2025-10-19 11:00:00+00:00
1.1147,1769.912,1972.912,2025-10-19 12:00:00+00:00
1.0909,2369.946,2585.301,2025-10-19 13:00:00+00:00
1.2379,3315.7,4104.64,2025-10-19 14:00:00+00:00
0.7415,2454.522,1819.931,2025-10-19 15:00:00+00:00
1.0462,2671.681,2795.088,2025-10-19 16:00:00+00:00
1.0426,3804.437,3966.539,2025-10-19 17:00:00+00:00
0.9187,1432.514,1316.069,2025-10-19 18:00:00+00:00
0.7304,1966.224,1436.061,2025-10-19 19:00:00+00:00
1.3079,853.963,1116.876,2025-10-19 20:00:00+00:00
0.8064,1021.337,823.559,2025-10-19 21:00:00+00:00
1.1666,1414.202,1649.762,2025-10-19 22:00:00+00:00
0.8197,1954.857,1602.377,2025-10-19 23:00:00+00:00
0.7727,5610.004,4334.575,2025-10-20 00:00:00+00:00
1.0615,2051.607,2177.691,2025-10-20 01:00:00+00:00
1.3155,2272.053,2988.908,2025-10-20 02:00:00+00:00
1.2526,5159.202,6462.421,2025-10-20 03:00:00+00:00
0.9528,5049.506,4811.177,2025-10-20 04:00:00+00:00
1.128,3639.729,4105.64,2025-10-20 05:00:00+00:00
0.8462,3470.964,2937.108,2025-10-20 06:00:00+00:00
0.6008,3142.62,1888.168,2025-10-20 07:00:00+00:00
1.0226,3370.774,3447.042,2025-10-20 08:00:00+00:00
0.8054,2808.759,2262.164,2025-10-20 09:00:00+00:00
0.9148,1715.661,1569.44,2025-10-20 10:00:00+00:00
1.3019,1818.794,2367.904,2025-10-20 11:00:00+00:00
0.9045,1811.645,1638.643,2025-10-20 12:00:00+00:00
0.9766,2900.809,2832.846,2025-10-20 13:00:00+00:00
1.0497,2746.669,2883.272,2025-10-20 14:00:00+00:00
0.8704,3904.961,3398.965,2025-10-20 15:00:00+00:00
0.8191,8041.741,6586.985,2025-10-20 16:00:00+00:00
0.9176,4188.067,3842.86,2025-10-20 17:00:00+00:00
1.1871,1536.962,1824.551,2025-10-20 18:00:00+00:00
0.9561,1788.847,1710.249,2025-10-20 19:00:00+00:00
1.0587,1458.262,1543.864,2025-10-20 20:00:00+00:00
0.7455,1588.907,1184.524,2025-10-20 21:00:00+00:00
1.2729,691.256,879.915,2025-10-20 22:00:00+00:00
1.0779,940.2,1013.453,2025-10-20 23:00:00+00:00
0.8523,1628.751,1388.143,2025-10-21 00:00:00+00:00
0.649,3314.936,2151.438,2025-10-21 01:00:00+00:00
1.0916,2514.143,2744.437,2025-10-21 02:00:00+00:00
0.7621,2447.847,1865.469,2025-10-21 03:00:00+00:00
0.8601,8222.787,7072.43,2025-10-21 04:00:00+00:00
1.0814,4937.88,5339.642,2025-10-21 05:00:00+00:00
1.4006,2241.65,3139.694,2025-10-21 06:00:00+00:00
0.9918,936.929,929.257,2025-10-21 07:00:00+00:00
0.8141,2551.054,2076.797,2025-10-21 08:00:00+00:00
1.1688,1023.185,1195.908,2025-10-21 09:00:00+00:00
1.619,3550.748,5748.684,2025-10-21 10:00:00+00:00
1.0,2174.998,2174.914,2025-10-21 11:00:00+00:00
0.8974,5735.309,5146.989,2025-10-21 12:00:00+00:00
0.8369,5481.301,4587.527,2025-10-21 13:00:00+00:00
1.32,12727.976,16800.438,2025-10-21 14:00:00+00:00
0.8652,14333.628,12401.561,2025-10-21 15:00:00+00:00
0.7866,11038.273,8682.595,2025-10-21 16:00:00+00:00
1.0163,10041.221,10205.238,2025-10-21 17:00:00+00:00
0.9997,4202.237,4200.936,2025-10-21 18:00:00+00:00
0.9751,1845.175,1799.31,2025-10-21 19:00:00+00:00
0.7802,4474.709,3491.229,2025-10-21 20:00:00+00:00
0.8433,3268.767,2756.553,2025-10-21 21:00:00+00:00
0.7935,9366.349,7432.312,2025-10-21 22:00:00+00:00
0.9609,4595.377,4415.573,2025-10-21 23:00:00+00:00
1.0574,4071.434,4305.318,2025-10-22 00:00:00+00:00
1.1722,2921.902,3424.974,2025-10-22 01:00:00+00:00
1.2468,1749.441,2181.159,2025-10-22 02:00:00+00:00
1.0222,2067.523,2113.426,2025-10-22 03:00:00+00:00
1.325,1675.191,2219.631,2025-10-22 04:00:00+00:00
0.9533,2547.708,2428.715,2025-10-22 05:00:00+00:00
0.9922,1754.12,1740.517,2025-10-22 06:00:00+00:00
1.1045,3584.65,3959.189,2025-10-22 07:00:00+00:00
1.0166,1377.151,1400.02,2025-10-22 08:00:00+00:00
0.8735,2233.433,1950.952,2025-10-22 09:00:00+00:00
0.9752,1629.391,1589.053,2025-10-22 10:00:00+00:00
0.9207,9832.017,9052.68,2025-10-22 11:00:00+00:00
1.4465,3105.673,4492.285,2025-10-22 12:00:00+00:00
1.2514,6487.81,8118.789,2025-10-22 13:00:00+00:00
1.1507,12150.896,13982.272,2025-10-22 14:00:00+00:00
1.0241,6386.351,6539.967,2025-10-22 15:00:00+00:00
0.9413,4951.005,4660.581,2025-10-22 16:00:00+00:00
1.0491,2722.706,2856.275,2025-10-22 17:00:00+00:00
0.847,2585.869,2190.318,2025-10-22 18:00:00+00:00
1.0582,2390.895,2530.143,2025-10-22 19:00:00+00:00
0.9385,2291.015,2150.12,2025-10-22 20:00:00+00:00
0.8321,5197.941,4325.402,2025-10-22 21:00:00+00:00
0.8824,2665.279,2351.776,2025-10-22 22:00:00+00:00
1.1629,2183.112,2538.648,2025-10-22 23:00:00+00:00
0.9253,1630.861,1509.008,2025-10-23 00:00:00+00:00
1.4286,3210.386,4586.466,2025-10-23 01:00:00+00:00
0.9931,1318.498,1309.378,2025-10-23 02:00:00+00:00
0.8469,2033.994,1722.639,2025-10-23 03:00:00+00:00
1.1486,1378.857,1583.711,2025-10-23 04:00:00+00:00
0.7273,1632.447,1187.329,2025-10-23 05:00:00+00:00
1.1936,6135.04,7322.701,2025-10-23 06:00:00+00:00
0.6979,4382.112,3058.11,2025-10-23 07:00:00+00:00
0.9654,2422.541,2338.665,2025-10-23 08:00:00+00:00
0.8163,1794.23,1464.544,2025-10-23 09:00:00+00:00
0.8419,1476.607,1243.087,2025-10-23 10:00:00+00:00
0.934,1794.396,1675.97,2025-10-23 11:00:00+00:00
0.7037,4161.355,2928.31,2025-10-23 12:00:00+00:00
1.1736,3204.389,3760.66,2025-10-23 13:00:00+00:00
0.8515,4956.132,4220.066,2025-10-23 14:00:00+00:00
1.0605,3541.808,3756.012,2025-10-23 15:00:00+00:00
1.1026,2807.326,3095.36,2025-10-23 16:00:00+00:00
1.0668,5510.349,5878.601,2025-10-23 17:00:00+00:00
0.7913,3843.167,3041.118,2025-10-23 18:00:00+00:00
0.8094,1601.97,1296.655,2025-10-23 19:00:00+00:00
0.668,3988.184,2664.082,2025-10-23 20:00:00+00:00
0.9655,1546.219,1492.939,2025-10-23 21:00:00+00:00
1.475,1328.098,1959.002,2025-10-23 22:00:00+00:00
1.183,869.676,1028.812,2025-10-23 23:00:00+00:00
1.1788,2417.839,2850.061,2025-10-24 00:00:00+00:00
0.8704,1800.999,1567.618,2025-10-24 01:00:00+00:00
0.9805,1339.262,1313.14,2025-10-24 02:00:00+00:00
0.5486,1373.982,753.829,2025-10-24 03:00:00+00:00
1.3212,2994.987,3957.113,2025-10-24 04:00:00+00:00
1.2268,1993.322,2445.42,2025-10-24 05:00:00+00:00
1.0045,1401.738,1408.108,2025-10-24 06:00:00+00:00
0.7479,3208.324,2399.456,2025-10-24 07:00:00+00:00
0.8537,2486.76,2122.99,2025-10-24 08:00:00+00:00
1.0103,1613.791,1630.366,2025-10-24 09:00:00+00:00
1.0508,1379.009,1449.102,2025-10-24 10:00:00+00:00
0.7115,2746.114,1953.778,2025-10-24 11:00:00+00:00
1.0662,6910.439,7367.721,2025-10-24 12:00:00+00:00
0.789,5203.298,4105.492,2025-10-24 13:00:00+00:00
0.9375,7515.204,7045.316,2025-10-24 14:00:00+00:00
1.0475,2919.025,3057.643,2025-10-24 15:00:00+00:00
1.1595,1633.473,1893.98,2025-10-24 16:00:00+00:00
1.0069,1167.854,1175.942,2025-10-24 17:00:00+00:00
1.1359,875.736,994.792,2025-10-24 18:00:00+00:00
1.3024,1419.08,1848.271,2025-10-24 19:00:00+00:00
1.3535,770.02,1042.193,2025-10-24 20:00:00+00:00
0.7699,2231.165,1717.821,2025-10-24 21:00:00+00:00
0.8593,770.736,662.268,2025-10-24 22:00:00+00:00
0.7656,552.613,423.076,2025-10-24 23:00:00+00:00
0.6027,1266.59,763.355,2025-10-25 00:00:00+00:00
0.9976,938.271,936.058,2025-10-25 01:00:00+00:00
0.7974,496.415,395.833,2025-10-25 02:00:00+00:00
0.6339,762.37,483.231,2025-10-25 03:00:00+00:00
1.3572,1192.436,1618.42,2025-10-25 04:00:00+00:00
1.2857,692.353,890.183,2025-10-25 05:00:00+00:00
0.6125,934.198,572.221,2025-10-25 06:00:00+00:00
1.0874,1679.539,1826.394,2025-10-25 07:00:00+00:00
1.161,1068.134,1240.081,2025-10-25 08:00:00+00:00
0.6827,1609.952,1099.07,2025-10-25 09:00:00+00:00
0.9543,1220.476,1164.751,2025-10-25 10:00:00+00:00
1.1676,482.19,563.029,2025-10-25 11:00:00+00:00
1.1187,1338.654,1497.497,2025-10-25 12:00:00+00:00
0.7908,1566.019,1238.384,2025-10-25 13:00:00+00:00
0.858,912.688,783.065,2025-10-25 14:00:00+00:00
0.8261,1718.965,1420.095,2025-10-25 15:00:00+00:00
0.9024,2189.671,1975.935,2025-10-25 16:00:00+00:00
1.0951,383.19,419.644,2025-10-25 17:00:00+00:00
1.5342,649.753,996.859,2025-10-25 18:00:00+00:00
0.9106,527.881,480.675,2025-10-25 19:00:00+00:00
0.8588,594.289,510.347,2025-10-25 20:00:00+00:00
1.3095,341.274,446.905,2025-10-25 21:00:00+00:00
1.1466,440.288,504.84,2025-10-25 22:00:00+00:00
0.9372,545.136,510.879,2025-10-25 23:00:00+00:00
0.9314,1207.717,1124.844,2025-10-26 00:00:00+00:00
0.8685,758.171,658.471,2025-10-26 01:00:00+00:00
0.8112,822.103,666.931,2025-10-26 02:00:00+00:00
0.655,1039.124,680.616,2025-10-26 03:00:00+00:00
1.3663,369.21,504.441,2025-10-26 04:00:00+00:00
1.1276,541.962,611.11,2025-10-26 05:00:00+00:00
0.8313,377.893,314.158,2025-10-26 06:00:00+00:00
0.9175,449.513,412.412,2025-10-26 07:00:00+00:00
0.7663,849.937,651.311,2025-10-26 08:00:00+00:00
1.2874,5293.161,6814.25,2025-10-26 09:00:00+00:00
0.9593,1536.657,1474.148,2025-10-26 10:00:00+00:00
1.1029,4492.01,4954.117,2025-10-26 11:00:00+00:00
1.0784,4773.291,5147.279,2025-10-26 12:00:00+00:00
1.0605,4326.041,4587.865,2025-10-26 13:00:00+00:00
0.8866,2916.548,2585.724,2025-10-26 14:00:00+00:00
0.9607,1519.317,1459.562,2025-10-26 15:00:00+00:00
0.8084,2265.806,1831.691,2025-10-26 16:00:00+00:00
0.7039,1025.779,722.03,2025-10-26 17:00:00+00:00
1.1331,882.077,999.493,2025-10-26 18:00:00+00:00
0.9301,639.443,594.736,2025-10-26 19:00:00+00:00
0.8109,649.68,526.838,2025-10-26 20:00:00+00:00
0.9758,1976.644,1928.774,2025-10-26 21:00:00+00:00
1.3987,6565.771,9183.336,2025-10-26 22:00:00+00:00
0.7933,2705.281,2146.097,2025-10-26 23:00:00+00:00
0.8938,3150.227,2815.624,2025-10-27 00:00:00+00:00
1.0755,1922.666,2067.743,2025-10-27 01:00:00+00:00
0.7356,3229.452,2375.577,2025-10-27 02:00:00+00:00
0.8972,1452.333,1303.096,2025-10-27 03:00:00+00:00
0.6607,1951.446,1289.348,2025-10-27 04:00:00+00:00
1.1211,2933.003,3288.207,2025-10-27 05:00:00+00:00
1.255,4796.239,6019.186,2025-10-27 06:00:00+00:00
1.0435,5328.18,5559.795,2025-10-27 07:00:00+00:00
0.8109,3697.038,2997.847,2025-10-27 08:00:00+00:00
1.2316,2609.495,3213.76,2025-10-27 09:00:00+00:00
1.1258,1251.868,1409.3,2025-10-27 10:00:00+00:00
0.6147,1731.449,1064.377,2025-10-27 11:00:00+00:00
0.6754,2093.521,1414.02,2025-10-27 12:00:00+00:00
1.0933,3876.91,4238.783,2025-10-27 13:00:00+00:00
0.8869,3660.952,3246.859,2025-10-27 14:00:00+00:00
0.8328,2353.447,1959.937,2025-10-27 15:00:00+00:00
1.1466,2276.933,2610.754,2025-10-27 16:00:00+00:00
1.0037,1624.199,1630.151,2025-10-27 17:00:00+00:00
0.5943,1718.358,1021.147,2025-10-27 18:00:00+00:00
0.7267,2269.672,1649.439,2025-10-27 19:00:00+00:00
0.8014,1795.205,1438.749,2025-10-27 20:00:00+00:00
0.9095,2222.206,2021.038,2025-10-27 21:00:00+00:00
1.1634,1432.85,1666.973,2025-10-27 22:00:00+00:00
0.9494,2251.352,2137.474,2025-10-27 23:00:00+00:00
0.997,2077.692,2071.427,2025-10-28 00:00:00+00:00
1.5619,1314.958,2053.844,2025-10-28 01:00:00+00:00
0.7662,2583.799,1979.728,2025-10-28 02:00:00+00:00
1.6046,1326.269,2128.131,2025-10-28 03:00:00+00:00
1.4095,1023.745,1443.001,2025-10-28 04:00:00+00:00
0.8847,1924.759,1702.764,2025-10-28 05:00:00+00:00
1.2349,1382.255,1706.979,2025-10-28 06:00:00+00:00
1.4137,1214.003,1716.273,2025-10-28 07:00:00+00:00
0.8756,1425.351,1248.046,2025-10-28 08:00:00+00:00
1.0651,1346.922,1434.596,2025-10-28 09:00:00+00:00
1.1095,867.905,962.912,2025-10-28 10:00:00+00:00
0.7999,1392.86,1114.116,2025-10-28 11:00:00+00:00
1.0249,1333.95,1367.106,2025-10-28 12:00:00+00:00
1.1719,5078.884,5951.816,2025-10-28 13:00:00+00:00
0.9258,10474.239,9697.064,2025-10-28 14:00:00+00:00
0.805,4095.879,3297.3,2025-10-28 15:00:00+00:00
1.0723,3177.972,3407.728,2025-10-28 16:00:00+00:00
0.8927,1834.003,1637.239,2025-10-28 17:00:00+00:00
0.93,1904.394,1771.062,2025-10-28 18:00:00+00:00
0.8432,5778.691,4872.788,2025-10-28 19:00:00+00:00
0.7974,9913.484,7904.764,2025-10-28 20:00:00+00:00
0.9585,3246.407,3111.599,2025-10-28 21:00:00+00:00
1.0652,1354.212,1442.507,2025-10-28 22:00:00+00:00
0.8479,1339.343,1135.651,2025-10-28 23:00:00+00:00
0.9055,2190.632,1983.617,2025-10-29 00:00:00+00:00
0.9704,3948.742,3832.032,2025-10-29 01:00:00+00:00
1.4412,1047.996,1510.335,2025-10-29 02:00:00+00:00
0.921,1121.247,1032.706,2025-10-29 03:00:00+00:00
1.4543,873.969,1271.042,2025-10-29 04:00:00+00:00
1.6613,2298.551,3818.511,2025-10-29 05:00:00+00:00
1.0854,1255.899,1363.201,2025-10-29 06:00:00+00:00
0.9755,1797.687,1753.695,2025-10-29 07:00:00+00:00
0.6922,3124.535,2162.898,2025-10-29 08:00:00+00:00
0.8816,1732.889,1527.681,2025-10-29 09:00:00+00:00
1.1083,1198.112,1327.808,2025-10-29 10:00:00+00:00
1.3224,963.901,1274.627,2025-10-29 11:00:00+00:00
0.9587,896.891,859.876,2025-10-29 12:00:00+00:00
0.9523,3640.92,3467.318,2025-10-29 13:00:00+00:00
0.7812,4711.475,3680.804,2025-10-29 14:00:00+00:00
0.6238,10364.431,6465.324,2025-10-29 15:00:00+00:00
0.8054,7491.889,6034.054,2025-10-29 16:00:00+00:00
1.293,2894.42,3742.584,2025-10-29 17:00:00+00:00
0.8322,19354.256,16106.712,2025-10-29 18:00:00+00:00
0.9795,5680.108,5563.578,2025-10-29 19:00:00+00:00
1.6262,2543.943,4136.899,2025-10-29 20:00:00+00:00
0.8125,1608.808,1307.162,2025-10-29 21:00:00+00:00
0.83,1528.799,1268.894,2025-10-29 22:00:00+00:00
0.9706,3819.509,3707.224,2025-10-29 23:00:00+00:00
1.35,2332.929,3149.373,2025-10-30 00:00:00+00:00
0.8281,2022.836,1675.065,2025-10-30 01:00:00+00:00
1.0301,1976.075,2035.476,2025-10-30 02:00:00+00:00
1.086,1939.34,2106.2,2025-10-30 03:00:00+00:00
0.8046,15115.534,12162.247,2025-10-30 04:00:00+00:00
1.2126,4976.084,6033.761,2025-10-30 05:00:00+00:00
0.9664,3777.078,3650.225,2025-10-30 06:00:00+00:00
0.9402,4378.403,4116.768,2025-10-30 07:00:00+00:00
0.9519,4405.46,4193.457,2025-10-30 08:00:00+00:00
0.69,2990.462,2063.493,2025-10-30 09:00:00+00:00
0.8887,2582.697,2295.302,2025-10-30 10:00:00+00:00
0.7559,1961.391,1482.531,2025-10-30 11:00:00+00:00
0.862,7798.164,6721.977,2025-10-30 12:00:00+00:00
0.949,11418.134,10835.858,2025-10-30 13:00:00+00:00
1.1671,4165.145,4861.345,2025-10-30 14:00:00+00:00
0.7268,4816.883,3500.846,2025-10-30 15:00:00+00:00
1.1753,2427.243,2852.638,2025-10-30 16:00:00+00:00
0.84,8078.284,6785.443,2025-10-30 17:00:00+00:00
0.7604,3428.199,2606.711,2025-10-30 18:00:00+00:00
0.8902,5818.178,5179.561,2025-10-30 19:00:00+00:00
1.2804,3827.017,4899.994,2025-10-30 20:00:00+00:00
0.9346,2195.002,2051.362,2025-10-30 21:00:00+00:00
0.8117,1669.418,1355.089,2025-10-30 22:00:00+00:00
1.5233,2564.75,3906.783,2025-10-30 23:00:00+00:00
1.2639,4019.173,5079.996,2025-10-31 00:00:00+00:00
0.9282,5461.005,5068.661,2025-10-31 01:00:00+00:00
0.7068,4282.834,3026.987,2025-10-31 02:00:00+00:00
1.2095,2527.627,3057.042,2025-10-31 03:00:00+00:00
1.3335,4483.322,5978.605,2025-10-31 04:00:00+00:00
0.7514,2549.485,1915.789,2025-10-31 05:00:00+00:00
0.8306,2013.215,1672.087,2025-10-31 06:00:00+00:00
0.9329,2832.061,2641.922,2025-10-31 07:00:00+00:00
1.3286,2269.209,3014.932,2025-10-31 08:00:00+00:00
0.9098,2872.24,2613.081,2025-10-31 09:00:00+00:00
1.0784,1296.007,1397.595,2025-10-31 10:00:00+00:00
1.1287,2750.792,3104.812,2025-10-31 11:00:00+00:00
0.8996,3687.896,3317.784,2025-10-31 12:00:00+00:00
1.0777,4562.735,4917.344,2025-10-31 13:00:00+00:00
1.2002,8340.608,10010.64,2025-10-31 14:00:00+00:00
1.0532,4893.875,5154.223,2025-10-31 15:00:00+00:00
0.6955,5257.95,3656.655,2025-10-31 16:00:00+00:00
1.0916,3036.533,3314.788,2025-10-31 17:00:00+00:00
1.0913,2610.421,2848.744,2025-10-31 18:00:00+00:00
1.3609,2107.815,2868.601,2025-10-31 19:00:00+00:00
1.1364,1343.43,1526.636,2025-10-31 20:00:00+00:00
1.6057,710.195,1140.365,2025-10-31 21:00:00+00:00
1.2913,630.365,813.982,2025-10-31 22:00:00+00:00
1.1622,375.286,436.146,2025-10-31 23:00:00+00:00
0.9509,780.358,742.038,2025-11-01 00:00:00+00:00
1.144,827.949,947.14,2025-11-01 01:00:00+00:00
0.9681,883.276,855.091,2025-11-01 02:00:00+00:00
1.9082,1347.262,2570.849,2025-11-01 03:00:00+00:00
1.124,1546.557,1738.381,2025-11-01 04:00:00+00:00
0.9019,813.981,734.11,2025-11-01 05:00:00+00:00
0.7195,848.591,610.561,2025-11-01 06:00:00+00:00
0.97,616.148,597.686,2025-11-01 07:00:00+00:00
0.8717,508.321,443.095,2025-11-01 08:00:00+00:00
0.9001,824.581,742.207,2025-11-01 09:00:00+00:00
1.0185,779.904,794.338,2025-11-01 10:00:00+00:00
0.7268,699.601,508.494,2025-11-01 11:00:00+00:00
0.7021,775.827,544.71,2025-11-01 12:00:00+00:00
0.6807,1343.814,914.727,2025-11-01 13:00:00+00:00
1.1861,1202.24,1426.021,2025-11-01 14:00:00+00:00
1.3,1635.431,2126.065,2025-11-01 15:00:00+00:00
1.134,1654.298,1875.98,2025-11-01 16:00:00+00:00
0.6388,937.583,598.928,2025-11-01 17:00:00+00:00
1.0154,470.147,477.401,2025-11-01 18:00:00+00:00
0.9893,277.949,274.966,2025-11-01 19:00:00+00:00
0.9683,505.038,489.026,2025-11-01 20:00:00+00:00
0.6383,1012.005,645.942,2025-11-01 21:00:00+00:00
1.4216,386.773,549.82,2025-11-01 22:00:00+00:00
0.9263,328.612,304.39,2025-11-01 23:00:00+00:00
0.9047,633.666,573.302,2025-11-02 00:00:00+00:00
0.9564,453.679,433.897,2025-11-02 01:00:00+00:00
1.2864,645.771,830.696,2025-11-02 02:00:00+00:00
1.4041,416.549,584.895,2025-11-02 03:00:00+00:00
1.458,1780.846,2596.454,2025-11-02 04:00:00+00:00
0.8251,1651.447,1362.618,2025-11-02 05:00:00+00:00
1.0416,837.778,872.661,2025-11-02 06:00:00+00:00
1.0636,1574.864,1675.016,2025-11-02 07:00:00+00:00
0.8355,1184.192,989.388,2025-11-02 08:00:00+00:00
0.9544,1746.008,1666.457,2025-11-02 09:00:00+00:00
0.6427,2109.985,1356.069,2025-11-02 10:00:00+00:00
1.2395,1620.108,2008.162,2025-11-02 11:00:00+00:00
0.6924,2239.143,1550.461,2025-11-02 12:00:00+00:00
1.0678,2194.118,2342.961,2025-11-02 13:00:00+00:00
0.7973,1745.281,1391.582,2025-11-02 14:00:00+00:00
0.8012,1483.373,1188.543,2025-11-02 15:00:00+00:00
0.6744,3297.167,2223.766,2025-11-02 16:00:00+00:00
0.8809,799.745,704.514,2025-11-02 17:00:00+00:00
